municipio,uf,pib_total_mil,populacao,pib_per_capita
Angra dos Reis,RJ,11900498,,
Aperibé,RJ,301129,,
Araruama,RJ,13156181,,
Areal,RJ,597072,,
Armação dos Búzios,RJ,5019621,,
Arraial do Cabo,RJ,9335374,,
Barra do Piraí,RJ,3225723,,
Barra Mansa,RJ,6831115,,
Belford Roxo,RJ,9686339,,
Bom Jardim,RJ,1018920,,
Bom Jesus do Itabapoana,RJ,1207611,,
Cabo Frio,RJ,16964472,,
Cachoeiras de Macacu,RJ,1702402,,
Cambuci,RJ,479568,,
Carapebus,RJ,1045633,,
Comendador Levy Gasparian,RJ,633562,,
Campos dos Goytacazes,RJ,42953469,,
Cantagalo,RJ,1075296,,
Cardoso Moreira,RJ,393125,,
Carmo,RJ,671866,,
Casimiro de Abreu,RJ,3363239,,
Conceição de Macabu,RJ,504000,,
Cordeiro,RJ,530533,,
Duas Barras,RJ,285448,,
Duque de Caxias,RJ,70068007,,
Engenheiro Paulo de Frontin,RJ,320438,,
Guapimirim,RJ,1589983,,
Iguaba Grande,RJ,814661,,
Itaboraí,RJ,6278393,,
Itaguaí,RJ,11383962,,
Italva,RJ,431493,,
Itaocara,RJ,756489,,
Itaperuna,RJ,4067637,,
Itatiaia,RJ,6988685,,
Japeri,RJ,1874798,,
Laje do Muriaé,RJ,208603,,
Macaé,RJ,22394860,,
Macuco,RJ,282626,,
Magé,RJ,5301411,,
Mangaratiba,RJ,3443660,,
Maricá,RJ,134092034,,
Mendes,RJ,444764,,
Mesquita,RJ,3029007,,
Miguel Pereira,RJ,847198,,
Miracema,RJ,742077,,
Natividade,RJ,408436,,
Nilópolis,RJ,3339769,,
Niterói,RJ,76268005,,
Nova Friburgo,RJ,7367567,,
Nova Iguaçu,RJ,20518624,,
Paracambi,RJ,1085489,,
Paraíba do Sul,RJ,1399157,,
Paraty,RJ,6324392,,
Paty do Alferes,RJ,862740,,
Petrópolis,RJ,19907335,,
Pinheiral,RJ,1187697,,
Piraí,RJ,3388747,,
Porciúncula,RJ,559253,,
Porto Real,RJ,3205582,,
Quatis,RJ,400781,,
Queimados,RJ,4938812,,
Quissamã,RJ,5669644,,
Resende,RJ,12267696,,
Rio Bonito,RJ,2038466,,
Rio Claro,RJ,577431,,
Rio das Flores,RJ,338695,,
Rio das Ostras,RJ,10599898,,
Rio de Janeiro,RJ,418462360,,
Santa Maria Madalena,RJ,275098,,
Santo Antônio de Pádua,RJ,1686337,,
São Francisco de Itabapoana,RJ,1481367,,
São Fidélis,RJ,985938,,
São Gonçalo,RJ,23063689,,
São João da Barra,RJ,13986152,,
São João de Meriti,RJ,11534047,,
São José de Ubá,RJ,232730,,
São José do Vale do Rio Preto,RJ,941645,,
São Pedro da Aldeia,RJ,3359011,,
São Sebastião do Alto,RJ,272845,,
Sapucaia,RJ,1227721,,
Saquarema,RJ,64701140,,
Seropédica,RJ,3760076,,
Silva Jardim,RJ,705912,,
Sumidouro,RJ,733841,,
Tanguá,RJ,858815,,
Teresópolis,RJ,7104546,,
Trajano de Moraes,RJ,290439,,
Três Rios,RJ,6017636,,
Valença,RJ,3104489,,
Varre-Sai,RJ,407915,,
Vassouras,RJ,1472880,,
Volta Redonda,RJ,15307615,,
Adamantina,SP,1705895,,
Adolfo,SP,215283,,
Aguaí,SP,1773843,,
Águas da Prata,SP,272359,,
Águas de Lindóia,SP,801115,,
Águas de Santa Bárbara,SP,375562,,
Águas de São Pedro,SP,185390,,
Agudos,SP,3415809,,
Alambari,SP,160252,,
Alfredo Marcondes,SP,158137,,
Altair,SP,210529,,
Altinópolis,SP,946538,,
Alto Alegre,SP,172396,,
Alumínio,SP,3438994,,
Álvares Florence,SP,175598,,
Álvares Machado,SP,859771,,
Álvaro de Carvalho,SP,69377,,
Alvinlândia,SP,82613,,
Americana,SP,17600566,,
Américo Brasiliense,SP,1504962,,
Américo de Campos,SP,175848,,
Amparo,SP,6698469,,
Analândia,SP,266292,,
Andradina,SP,4464940,,
Angatuba,SP,1776475,,
Anhembi,SP,315144,,
Anhumas,SP,132376,,
Aparecida,SP,1369699,,
Aparecida d'Oeste,SP,225794,,
Apiaí,SP,1235626,,
Araçariguama,SP,4832077,,
Araçatuba,SP,11457740,,
Araçoiaba da Serra,SP,1523194,,
Aramina,SP,219179,,
Arandu,SP,217238,,
Arapeí,SP,53236,,
Araraquara,SP,14689500,,
Araras,SP,10022873,,
Arco-Íris,SP,136329,,
Arealva,SP,301110,,
Areias,SP,75042,,
Areiópolis,SP,221707,,
Ariranha,SP,1252002,,
Artur Nogueira,SP,2162833,,
Arujá,SP,10426127,,
Aspásia,SP,65851,,
Assis,SP,4682609,,
Atibaia,SP,9426584,,
Auriflama,SP,443572,,
Avaí,SP,500953,,
Avanhandava,SP,295755,,
Avaré,SP,4408538,,
Bady Bassitt,SP,762195,,
Balbinos,SP,82895,,
Bálsamo,SP,367871,,
Bananal,SP,282444,,
Barão de Antonina,SP,80403,,
Barbosa,SP,186923,,
Bariri,SP,1863764,,
Barra Bonita,SP,2077901,,
Barra do Chapéu,SP,202870,,
Barra do Turvo,SP,145159,,
Barretos,SP,6715414,,
Barrinha,SP,737580,,
Barueri,SP,71646710,,
Bastos,SP,1596603,,
Batatais,SP,3328690,,
Bauru,SP,20654759,,
Bebedouro,SP,5343661,,
Bento de Abreu,SP,288020,,
Bernardino de Campos,SP,605499,,
Bertioga,SP,2663550,,
Bilac,SP,307745,,
Birigui,SP,4866490,,
Biritiba Mirim,SP,1111541,,
Boa Esperança do Sul,SP,633216,,
Bocaina,SP,381376,,
Bofete,SP,309773,,
Boituva,SP,4474130,,
Bom Jesus dos Perdões,SP,1627411,,
Bom Sucesso de Itararé,SP,77487,,
Borá,SP,120962,,
Boracéia,SP,657535,,
Borborema,SP,704921,,
Borebi,SP,118452,,
Botucatu,SP,7992148,,
Bragança Paulista,SP,10443288,,
Braúna,SP,157855,,
Brejo Alegre,SP,90697,,
Brodowski,SP,1210305,,
Brotas,SP,1555980,,
Buri,SP,907833,,
Buritama,SP,746204,,
Buritizal,SP,305568,,
Cabrália Paulista,SP,177481,,
Cabreúva,SP,7240981,,
Caçapava,SP,6516271,,
Cachoeira Paulista,SP,847786,,
Caconde,SP,554109,,
Cafelândia,SP,930635,,
Caiabu,SP,88015,,
Caieiras,SP,5507619,,
Caiuá,SP,111895,,
Cajamar,SP,28984602,,
Cajati,SP,1987670,,
Cajobi,SP,275001,,
Cajuru,SP,1123799,,
Campina do Monte Alegre,SP,211436,,
Campinas,SP,91968328,,
Campo Limpo Paulista,SP,3233935,,
Campos do Jordão,SP,1946799,,
Campos Novos Paulista,SP,342295,,
Cananéia,SP,330538,,
Canas,SP,121017,,
Cândido Mota,SP,2482755,,
Cândido Rodrigues,SP,157951,,
Canitar,SP,218328,,
Capão Bonito,SP,1668882,,
Capela do Alto,SP,536048,,
Capivari,SP,3824460,,
Caraguatatuba,SP,5822815,,
Carapicuíba,SP,8436817,,
Cardoso,SP,440025,,
Casa Branca,SP,1494279,,
Cássia dos Coqueiros,SP,306056,,
Castilho,SP,2275541,,
Catanduva,SP,7029953,,
Catiguá,SP,196946,,
Cedral,SP,808870,,
Cerqueira César,SP,1400618,,
Cerquilho,SP,2891328,,
Cesário Lange,SP,1215884,,
Charqueada,SP,790607,,
Clementina,SP,254107,,
Colina,SP,2052576,,
Colômbia,SP,743433,,
Conchal,SP,1093664,,
Conchas,SP,551103,,
Cordeirópolis,SP,4167915,,
Coroados,SP,335405,,
Coronel Macedo,SP,165849,,
Corumbataí,SP,354604,,
Cosmópolis,SP,2313364,,
Cosmorama,SP,878427,,
Cotia,SP,19060773,,
Cravinhos,SP,2357353,,
Cristais Paulista,SP,449171,,
Cruzália,SP,218199,,
Cruzeiro,SP,4281962,,
Cubatão,SP,27813388,,
Cunha,SP,432941,,
Descalvado,SP,2584483,,
Diadema,SP,21229085,,
Dirce Reis,SP,99485,,
Divinolândia,SP,528584,,
Dobrada,SP,213755,,
Dois Córregos,SP,1187097,,
Dolcinópolis,SP,84390,,
Dourado,SP,1178140,,
Dracena,SP,1855224,,
Duartina,SP,435780,,
Dumont,SP,414002,,
Echaporã,SP,187403,,
Eldorado,SP,423995,,
Elias Fausto,SP,2159509,,
Elisiário,SP,121971,,
Embaúba,SP,93032,,
Embu das Artes,SP,17290650,,
Embu-Guaçu,SP,1742920,,
Emilianópolis,SP,97866,,
Engenheiro Coelho,SP,814390,,
Espírito Santo do Pinhal,SP,2715247,,
Espírito Santo do Turvo,SP,181809,,
Estrela d'Oeste,SP,1317163,,
Estrela do Norte,SP,69692,,
Euclides da Cunha Paulista,SP,162208,,
Fartura,SP,566395,,
Fernandópolis,SP,2790708,,
Fernando Prestes,SP,281662,,
Fernão,SP,102634,,
Ferraz de Vasconcelos,SP,5523981,,
Flora Rica,SP,65665,,
Floreal,SP,131171,,
Flórida Paulista,SP,361684,,
Florínea,SP,216161,,
Franca,SP,14375667,,
Francisco Morato,SP,2237469,,
Franco da Rocha,SP,5438089,,
Gabriel Monteiro,SP,123956,,
Gália,SP,220849,,
Garça,SP,1893766,,
Gastão Vidigal,SP,101942,,
Gavião Peixoto,SP,1735633,,
General Salgado,SP,348923,,
Getulina,SP,272841,,
Glicério,SP,188392,,
Guaiçara,SP,310852,,
Guaimbê,SP,593772,,
Guaíra,SP,3233958,,
Guapiaçu,SP,1134077,,
Guapiara,SP,585182,,
Guará,SP,854715,,
Guaraçaí,SP,374454,,
Guaraci,SP,660486,,
Guarani d'Oeste,SP,48665,,
Guarantã,SP,312045,,
Guararapes,SP,1718488,,
Guararema,SP,2034663,,
Guaratinguetá,SP,8369821,,
Guareí,SP,386201,,
Guariba,SP,1517994,,
Guarujá,SP,11536359,,
Guarulhos,SP,97557674,,
Guatapará,SP,353798,,
Guzolândia,SP,120156,,
Herculândia,SP,552689,,
Holambra,SP,1806633,,
Hortolândia,SP,22163924,,
Iacanga,SP,687530,,
Iacri,SP,372134,,
Iaras,SP,326007,,
Ibaté,SP,1516837,,
Ibirá,SP,418178,,
Ibirarema,SP,331387,,
Ibitinga,SP,2528835,,
Ibiúna,SP,3023501,,
Icém,SP,263932,,
Iepê,SP,503732,,
Igaraçu do Tietê,SP,477976,,
Igarapava,SP,1422122,,
Igaratá,SP,353163,,
Iguape,SP,1896850,,
Ilhabela,SP,14830715,,
Ilha Comprida,SP,2802536,,
Ilha Solteira,SP,917732,,
Indaiatuba,SP,28264863,,
Indiana,SP,99886,,
Indiaporã,SP,167087,,
Inúbia Paulista,SP,176723,,
Ipaussu,SP,678118,,
Iperó,SP,1291003,,
Ipeúna,SP,1055776,,
Ipiguá,SP,173091,,
Iporanga,SP,70829,,
Ipuã,SP,589810,,
Iracemápolis,SP,2403778,,
Irapuã,SP,282416,,
Irapuru,SP,142422,,
Itaberá,SP,1058159,,
Itaí,SP,1082752,,
Itajobi,SP,1278534,,
Itaju,SP,308305,,
Itanhaém,SP,2956406,,
Itaoca,SP,67982,,
Itapecerica da Serra,SP,6215134,,
Itapetininga,SP,7962802,,
Itapeva,SP,4558512,,
Itapevi,SP,15615097,,
Itapira,SP,6365974,,
Itapirapuã Paulista,SP,77308,,
Itápolis,SP,2524858,,
Itaporanga,SP,408307,,
Itapuí,SP,1311338,,
Itapura,SP,209349,,
Itaquaquecetuba,SP,11979260,,
Itararé,SP,1406445,,
Itariri,SP,400627,,
Itatiba,SP,10327467,,
Itatinga,SP,601161,,
Itirapina,SP,1570273,,
Itirapuã,SP,190876,,
Itobi,SP,251138,,
Itu,SP,14012530,,
Itupeva,SP,10529260,,
Ituverava,SP,2218625,,
Jaborandi,SP,247095,,
Jaboticabal,SP,4156253,,
Jacareí,SP,19692996,,
Jaci,SP,880800,,
Jacupiranga,SP,698901,,
Jaguariúna,SP,14680878,,
Jales,SP,2590208,,
Jambeiro,SP,461642,,
Jandira,SP,5547107,,
Jardinópolis,SP,2398612,,
Jarinu,SP,3546444,,
Jaú,SP,6542933,,
Jeriquara,SP,308789,,
Joanópolis,SP,335737,,
João Ramalho,SP,187000,,
José Bonifácio,SP,1940540,,
Júlio Mesquita,SP,82839,,
Jumirim,SP,287951,,
Jundiaí,SP,65418378,,
Junqueirópolis,SP,940871,,
Juquiá,SP,446418,,
Juquitiba,SP,660665,,
Lagoinha,SP,101411,,
Laranjal Paulista,SP,1688979,,
Lavínia,SP,262294,,
Lavrinhas,SP,169896,,
Leme,SP,4938512,,
Lençóis Paulista,SP,6564648,,
Limeira,SP,20876940,,
Lindóia,SP,405308,,
Lins,SP,8610363,,
Lorena,SP,4501318,,
Lourdes,SP,55440,,
Louveira,SP,20154612,,
Lucélia,SP,600068,,
Lucianópolis,SP,138654,,
Luís Antônio,SP,2385617,,
Luiziânia,SP,117809,,
Lupércio,SP,115244,,
Lutécia,SP,135645,,
Macatuba,SP,691847,,
Macaubal,SP,245038,,
Macedônia,SP,123750,,
Magda,SP,168949,,
Mairinque,SP,2923463,,
Mairiporã,SP,2767181,,
Manduri,SP,361118,,
Marabá Paulista,SP,201668,,
Maracaí,SP,1039676,,
Marapoama,SP,163562,,
Mariápolis,SP,90255,,
Marília,SP,12507571,,
Marinópolis,SP,56365,,
Martinópolis,SP,949416,,
Matão,SP,7646780,,
Mauá,SP,25000732,,
Mendonça,SP,593745,,
Meridiano,SP,437548,,
Mesópolis,SP,108331,,
Miguelópolis,SP,1113098,,
Mineiros do Tietê,SP,309941,,
Miracatu,SP,560827,,
Mira Estrela,SP,77240,,
Mirandópolis,SP,978818,,
Mirante do Paranapanema,SP,651108,,
Mirassol,SP,3345888,,
Mirassolândia,SP,378154,,
Mococa,SP,4014553,,
Mogi das Cruzes,SP,26072522,,
Mogi Guaçu,SP,9433838,,
Mogi Mirim,SP,8092719,,
Mombuca,SP,179189,,
Monções,SP,77881,,
Mongaguá,SP,1535906,,
Monte Alegre do Sul,SP,304555,,
Monte Alto,SP,3062782,,
Monte Aprazível,SP,1038560,,
Monte Azul Paulista,SP,958014,,
Monte Castelo,SP,161947,,
Monteiro Lobato,SP,113891,,
Monte Mor,SP,6049398,,
Morro Agudo,SP,1980195,,
Morungaba,SP,765641,,
Motuca,SP,171027,,
Murutinga do Sul,SP,113474,,
Nantes,SP,189556,,
Narandiba,SP,896057,,
Natividade da Serra,SP,159425,,
Nazaré Paulista,SP,595410,,
Neves Paulista,SP,384592,,
Nhandeara,SP,507862,,
Nipoã,SP,146719,,
Nova Aliança,SP,361490,,
Nova Campina,SP,260753,,
Nova Canaã Paulista,SP,57172,,
Nova Castilho,SP,91228,,
Nova Europa,SP,556400,,
Nova Granada,SP,732341,,
Nova Guataporanga,SP,47451,,
Nova Independência,SP,285939,,
Novais,SP,105507,,
Nova Luzitânia,SP,70080,,
Nova Odessa,SP,5613297,,
Novo Horizonte,SP,2313783,,
Nuporanga,SP,1235537,,
Ocauçu,SP,163910,,
Óleo,SP,143212,,
Olímpia,SP,3569676,,
Onda Verde,SP,370589,,
Oriente,SP,194079,,
Orindiúva,SP,830370,,
Orlândia,SP,3247648,,
Osasco,SP,119404053,,
Oscar Bressane,SP,123399,,
Osvaldo Cruz,SP,1615248,,
Ourinhos,SP,4902762,,
Ouroeste,SP,670735,,
Ouro Verde,SP,186891,,
Pacaembu,SP,285244,,
Palestina,SP,603348,,
Palmares Paulista,SP,209646,,
Palmeira d'Oeste,SP,308864,,
Palmital,SP,1405807,,
Panorama,SP,397153,,
Paraguaçu Paulista,SP,3133902,,
Paraibuna,SP,408569,,
Paraíso,SP,436076,,
Paranapanema,SP,1222547,,
Paranapuã,SP,160653,,
Parapuã,SP,1150356,,
Pardinho,SP,515971,,
Pariquera-Açu,SP,753097,,
Parisi,SP,67931,,
Patrocínio Paulista,SP,1850012,,
Paulicéia,SP,322394,,
Paulínia,SP,67067300,,
Paulistânia,SP,74506,,
Paulo de Faria,SP,426146,,
Pederneiras,SP,3840421,,
Pedra Bela,SP,147569,,
Pedranópolis,SP,116928,,
Pedregulho,SP,1417488,,
Pedreira,SP,1817292,,
Pedrinhas Paulista,SP,177967,,
Pedro de Toledo,SP,208399,,
Penápolis,SP,2743180,,
Pereira Barreto,SP,1495859,,
Pereiras,SP,410463,,
Peruíbe,SP,2366996,,
Piacatu,SP,160075,,
Piedade,SP,1839652,,
Pilar do Sul,SP,1502794,,
Pindamonhangaba,SP,13674680,,
Pindorama,SP,733296,,
Pinhalzinho,SP,416405,,
Piquerobi,SP,100296,,
Piquete,SP,227361,,
Piracaia,SP,799449,,
Piracicaba,SP,44351588,,
Piraju,SP,1088629,,
Pirajuí,SP,737809,,
Pirangi,SP,535545,,
Pirapora do Bom Jesus,SP,693314,,
Pirapozinho,SP,1410928,,
Pirassununga,SP,4304413,,
Piratininga,SP,389655,,
Pitangueiras,SP,1830160,,
Planalto,SP,331487,,
Platina,SP,160406,,
Poá,SP,4610760,,
Poloni,SP,199994,,
Pompéia,SP,2509065,,
Pongaí,SP,124380,,
Pontal,SP,2153954,,
Pontalinda,SP,131997,,
Pontes Gestal,SP,152499,,
Populina,SP,156037,,
Porangaba,SP,309200,,
Porto Feliz,SP,5067049,,
Porto Ferreira,SP,3069355,,
Potim,SP,355271,,
Potirendaba,SP,1017223,,
Pracinha,SP,44001,,
Pradópolis,SP,1456796,,
Praia Grande,SP,11396646,,
Pratânia,SP,252655,,
Presidente Alves,SP,112972,,
Presidente Bernardes,SP,351783,,
Presidente Epitácio,SP,1521762,,
Presidente Prudente,SP,11617599,,
Presidente Venceslau,SP,1096298,,
Promissão,SP,3349681,,
Quadra,SP,209960,,
Quatá,SP,1087543,,
Queiroz,SP,1095800,,
Queluz,SP,481509,,
Quintana,SP,371696,,
Rafard,SP,594930,,
Rancharia,SP,1999657,,
Redenção da Serra,SP,122059,,
Regente Feijó,SP,1293798,,
Reginópolis,SP,270644,,
Registro,SP,2931915,,
Restinga,SP,311797,,
Ribeira,SP,61922,,
Ribeirão Bonito,SP,494054,,
Ribeirão Branco,SP,640749,,
Ribeirão Corrente,SP,282574,,
Ribeirão do Sul,SP,326855,,
Ribeirão dos Índios,SP,56509,,
Ribeirão Grande,SP,127269,,
Ribeirão Pires,SP,4853229,,
Ribeirão Preto,SP,52306820,,
Riversul,SP,119164,,
Rifaina,SP,232911,,
Rincão,SP,346937,,
Rinópolis,SP,495680,,
Rio Claro,SP,15427117,,
Rio das Pedras,SP,2037526,,
Rio Grande da Serra,SP,1166050,,
Riolândia,SP,390635,,
Rosana,SP,1542731,,
Roseira,SP,450314,,
Rubiácea,SP,88679,,
Rubinéia,SP,196382,,
Sabino,SP,183225,,
Sagres,SP,72625,,
Sales,SP,266234,,
Sales Oliveira,SP,529464,,
Salesópolis,SP,310985,,
Salmourão,SP,114824,,
Saltinho,SP,471342,,
Salto,SP,11498959,,
Salto de Pirapora,SP,2856415,,
Salto Grande,SP,394928,,
Sandovalina,SP,455962,,
Santa Adélia,SP,560339,,
Santa Albertina,SP,333897,,
Santa Bárbara d'Oeste,SP,10803992,,
Santa Branca,SP,357556,,
Santa Clara d'Oeste,SP,130553,,
Santa Cruz da Conceição,SP,200490,,
Santa Cruz da Esperança,SP,101459,,
Santa Cruz das Palmeiras,SP,788978,,
Santa Cruz do Rio Pardo,SP,4319822,,
Santa Ernestina,SP,152155,,
Santa Fé do Sul,SP,1988880,,
Santa Gertrudes,SP,3568257,,
Santa Isabel,SP,2298061,,
Santa Lúcia,SP,185362,,
Santa Maria da Serra,SP,197769,,
Santa Mercedes,SP,97262,,
Santana da Ponte Pensa,SP,56776,,
Santana de Parnaíba,SP,14328397,,
Santa Rita d'Oeste,SP,105525,,
Santa Rita do Passa Quatro,SP,992180,,
Santa Rosa de Viterbo,SP,1131989,,
Santa Salete,SP,66140,,
Santo Anastácio,SP,630473,,
Santo André,SP,36931351,,
Santo Antônio da Alegria,SP,282937,,
Santo Antônio de Posse,SP,2146890,,
Santo Antônio do Aracanguá,SP,380219,,
Santo Antônio do Jardim,SP,253743,,
Santo Antônio do Pinhal,SP,191747,,
Santo Expedito,SP,60256,,
Santópolis do Aguapeí,SP,97802,,
Santos,SP,30961718,,
São Bento do Sapucaí,SP,354768,,
São Bernardo do Campo,SP,71965791,,
São Caetano do Sul,SP,22553448,,
São Carlos,SP,18386920,,
São Francisco,SP,59556,,
São João da Boa Vista,SP,5011181,,
São João das Duas Pontes,SP,72713,,
São João de Iracema,SP,69614,,
São João do Pau d'Alho,SP,83376,,
São Joaquim da Barra,SP,2733786,,
São José da Bela Vista,SP,336022,,
São José do Barreiro,SP,80553,,
São José do Rio Pardo,SP,2876973,,
São José do Rio Preto,SP,26390121,,
São José dos Campos,SP,61394524,,
São Lourenço da Serra,SP,346115,,
São Luiz do Paraitinga,SP,252579,,
São Manuel,SP,1889877,,
São Miguel Arcanjo,SP,1157726,,
São Paulo,SP,1066825105,,
São Pedro,SP,1243177,,
São Pedro do Turvo,SP,393936,,
São Roque,SP,4532567,,
São Sebastião,SP,17400619,,
São Sebastião da Grama,SP,481876,,
São Simão,SP,648092,,
São Vicente,SP,7414656,,
Sarapuí,SP,270123,,
Sarutaiá,SP,115635,,
Sebastianópolis do Sul,SP,454542,,
Serra Azul,SP,269297,,
Serrana,SP,1454535,,
Serra Negra,SP,1025007,,
Sertãozinho,SP,9075018,,
Sete Barras,SP,461849,,
Severínia,SP,340597,,
Silveiras,SP,116266,,
Socorro,SP,1449301,,
Sorocaba,SP,58816286,,
Sud Mennucci,SP,302801,,
Sumaré,SP,19026093,,
Suzano,SP,18618698,,
Suzanápolis,SP,511504,,
Tabapuã,SP,397691,,
Tabatinga,SP,512361,,
Taboão da Serra,SP,12084179,,
Taciba,SP,242091,,
Taguaí,SP,409335,,
Taiaçu,SP,155640,,
Taiúva,SP,188353,,
Tambaú,SP,966714,,
Tanabi,SP,1592467,,
Tapiraí,SP,223954,,
Tapiratiba,SP,358653,,
Taquaral,SP,92383,,
Taquaritinga,SP,2307145,,
Taquarituba,SP,1279103,,
Taquarivaí,SP,433014,,
Tarabai,SP,187171,,
Tarumã,SP,1153083,,
Tatuí,SP,6784535,,
Taubaté,SP,22607800,,
Tejupá,SP,341127,,
Teodoro Sampaio,SP,822760,,
Terra Roxa,SP,237426,,
Tietê,SP,2954948,,
Timburi,SP,80268,,
Torre de Pedra,SP,44087,,
Torrinha,SP,380075,,
Trabiju,SP,66641,,
Tremembé,SP,1091771,,
Três Fronteiras,SP,155505,,
Tuiuti,SP,239682,,
Tupã,SP,3128302,,
Tupi Paulista,SP,446938,,
Turiúba,SP,88091,,
Turmalina,SP,100226,,
Ubarana,SP,298746,,
Ubatuba,SP,3506919,,
Ubirajara,SP,201026,,
Uchoa,SP,521824,,
União Paulista,SP,72244,,
Urânia,SP,366620,,
Uru,SP,66750,,
Urupês,SP,647135,,
Valentim Gentil,SP,565653,,
Valinhos,SP,10200701,,
Valparaíso,SP,1426927,,
Vargem,SP,222012,,
Vargem Grande do Sul,SP,1431642,,
Vargem Grande Paulista,SP,3524293,,
Várzea Paulista,SP,4736062,,
Vera Cruz,SP,302805,,
Vinhedo,SP,14699664,,
Viradouro,SP,563836,,
Vista Alegre do Alto,SP,705941,,
Vitória Brasil,SP,64481,,
Votorantim,SP,5209654,,
Votuporanga,SP,4582203,,
Zacarias,SP,177562,,
Chavantes,SP,477220,,
Estiva Gerbi,SP,532212,,
Abatiá,PR,297166,,
Adrianópolis,PR,467129,,
Agudos do Sul,PR,279388,,
Almirante Tamandaré,PR,2242620,,
Altamira do Paraná,PR,115509,,
Altônia,PR,546401,,
Alto Paraná,PR,562667,,
Alto Piquiri,PR,488594,,
Alvorada do Sul,PR,436443,,
Amaporã,PR,163899,,
Ampére,PR,1001174,,
Anahy,PR,124323,,
Andirá,PR,861173,,
Ângulo,PR,179778,,
Antonina,PR,1001675,,
Antônio Olinto,PR,282611,,
Apucarana,PR,4834013,,
Arapongas,PR,5715471,,
Arapoti,PR,1632919,,
Arapuã,PR,154285,,
Araruna,PR,630796,,
Araucária,PR,34075052,,
Ariranha do Ivaí,PR,144973,,
Assaí,PR,637194,,
Assis Chateaubriand,PR,2033731,,
Astorga,PR,1164816,,
Atalaia,PR,254752,,
Balsa Nova,PR,1302016,,
Bandeirantes,PR,1362233,,
Barbosa Ferraz,PR,342155,,
Barracão,PR,323297,,
Barra do Jacaré,PR,187138,,
Bela Vista da Caroba,PR,126095,,
Bela Vista do Paraíso,PR,564054,,
Bituruna,PR,656377,,
Boa Esperança,PR,342930,,
Boa Esperança do Iguaçu,PR,165031,,
Boa Ventura de São Roque,PR,449414,,
Boa Vista da Aparecida,PR,222437,,
Bocaiúva do Sul,PR,305498,,
Bom Jesus do Sul,PR,142418,,
Bom Sucesso,PR,221658,,
Bom Sucesso do Sul,PR,331505,,
Borrazópolis,PR,296465,,
Braganey,PR,261007,,
Brasilândia do Sul,PR,298634,,
Cafeara,PR,121532,,
Cafelândia,PR,2697734,,
Cafezal do Sul,PR,199026,,
Califórnia,PR,250999,,
Cambará,PR,985512,,
Cambé,PR,6771173,,
Cambira,PR,349367,,
Campina da Lagoa,PR,674422,,
Campina do Simão,PR,195120,,
Campina Grande do Sul,PR,2871767,,
Campo Bonito,PR,237197,,
Campo do Tenente,PR,306673,,
Campo Largo,PR,7070393,,
Campo Magro,PR,700583,,
Campo Mourão,PR,5991908,,
Cândido de Abreu,PR,475235,,
Candói,PR,901449,,
Cantagalo,PR,386335,,
Capanema,PR,1592681,,
Capitão Leônidas Marques,PR,1300220,,
Carambeí,PR,1989896,,
Carlópolis,PR,575814,,
Cascavel,PR,19204178,,
Castro,PR,4517501,,
Catanduvas,PR,413685,,
Centenário do Sul,PR,376525,,
Cerro Azul,PR,374010,,
Céu Azul,PR,1070583,,
Chopinzinho,PR,1196360,,
Cianorte,PR,3986697,,
Cidade Gaúcha,PR,620524,,
Clevelândia,PR,915575,,
Colombo,PR,7628975,,
Colorado,PR,1171688,,
Congonhinhas,PR,309517,,
Conselheiro Mairinck,PR,168785,,
Contenda,PR,627818,,
Corbélia,PR,993480,,
Cornélio Procópio,PR,2382241,,
Coronel Domingos Soares,PR,328942,,
Coronel Vivida,PR,1109441,,
Corumbataí do Sul,PR,104935,,
Cruzeiro do Iguaçu,PR,206651,,
Cruzeiro do Oeste,PR,1089269,,
Cruzeiro do Sul,PR,281275,,
Cruz Machado,PR,507964,,
Cruzmaltina,PR,189224,,
Curitiba,PR,120065276,,
Curiúva,PR,332954,,
Diamante do Norte,PR,413933,,
Diamante do Sul,PR,85754,,
Diamante D'Oeste,PR,134493,,
Dois Vizinhos,PR,2609173,,
Douradina,PR,859150,,
Doutor Camargo,PR,242635,,
Enéas Marques,PR,389460,,
Engenheiro Beltrão,PR,698650,,
Esperança Nova,PR,75224,,
Entre Rios do Oeste,PR,420778,,
Espigão Alto do Iguaçu,PR,201752,,
Farol,PR,255636,,
Faxinal,PR,625079,,
Fazenda Rio Grande,PR,4139461,,
Fênix,PR,243624,,
Fernandes Pinheiro,PR,323922,,
Figueira,PR,191682,,
Floraí,PR,310640,,
Flor da Serra do Sul,PR,206357,,
Floresta,PR,364240,,
Florestópolis,PR,623832,,
Flórida,PR,101261,,
Formosa do Oeste,PR,405549,,
Foz do Iguaçu,PR,16973251,,
Francisco Alves,PR,254090,,
Francisco Beltrão,PR,4525403,,
Foz do Jordão,PR,187782,,
General Carneiro,PR,437294,,
Godoy Moreira,PR,96133,,
Goioerê,PR,1335666,,
Goioxim,PR,308612,,
Grandes Rios,PR,177555,,
Guaíra,PR,1438846,,
Guairaçá,PR,404827,,
Guamiranga,PR,357064,,
Guapirama,PR,228919,,
Guaporema,PR,106183,,
Guaraci,PR,192291,,
Guaraniaçu,PR,604224,,
Guarapuava,PR,9864113,,
Guaraqueçaba,PR,146081,,
Guaratuba,PR,1220949,,
Honório Serpa,PR,386521,,
Ibaiti,PR,1236457,,
Ibema,PR,208091,,
Ibiporã,PR,4037855,,
Icaraíma,PR,329106,,
Iguaraçu,PR,267158,,
Iguatu,PR,94791,,
Imbaú,PR,320471,,
Imbituva,PR,1503418,,
Inácio Martins,PR,249949,,
Inajá,PR,76239,,
Indianópolis,PR,772540,,
Ipiranga,PR,776104,,
Iporã,PR,850007,,
Iracema do Oeste,PR,126065,,
Irati,PR,2816144,,
Iretama,PR,409528,,
Itaguajé,PR,164295,,
Itaipulândia,PR,566776,,
Itambaracá,PR,279453,,
Itambé,PR,276022,,
Itapejara d'Oeste,PR,970545,,
Itaperuçu,PR,799718,,
Itaúna do Sul,PR,151825,,
Ivaí,PR,711073,,
Ivaiporã,PR,1142266,,
Ivaté,PR,280430,,
Ivatuba,PR,167215,,
Jaboti,PR,156576,,
Jacarezinho,PR,1956993,,
Jaguapitã,PR,1452483,,
Jaguariaíva,PR,2062535,,
Jandaia do Sul,PR,962904,,
Janiópolis,PR,336925,,
Japira,PR,169940,,
Japurá,PR,441907,,
Jardim Alegre,PR,424449,,
Jardim Olinda,PR,78979,,
Jataizinho,PR,301470,,
Jesuítas,PR,556586,,
Joaquim Távora,PR,872246,,
Jundiaí do Sul,PR,157361,,
Juranda,PR,497087,,
Jussara,PR,370465,,
Kaloré,PR,201236,,
Lapa,PR,2647566,,
Laranjal,PR,125483,,
Laranjeiras do Sul,PR,1230924,,
Leópolis,PR,226118,,
Lidianópolis,PR,146837,,
Lindoeste,PR,249057,,
Loanda,PR,909384,,
Lobato,PR,333368,,
Londrina,PR,27999537,,
Luiziana,PR,599341,,
Lunardelli,PR,147290,,
Lupionópolis,PR,164846,,
Mallet,PR,973316,,
Mamborê,PR,859221,,
Mandaguaçu,PR,995410,,
Mandaguari,PR,2916500,,
Mandirituba,PR,801433,,
Manfrinópolis,PR,104399,,
Mangueirinha,PR,1869715,,
Manoel Ribas,PR,656196,,
Marechal Cândido Rondon,PR,3919007,,
Maria Helena,PR,176407,,
Marialva,PR,2964620,,
Marilândia do Sul,PR,510268,,
Marilena,PR,237237,,
Mariluz,PR,403957,,
Maringá,PR,27817346,,
Mariópolis,PR,554034,,
Maripá,PR,535683,,
Marmeleiro,PR,738403,,
Marquinho,PR,134982,,
Marumbi,PR,134313,,
Matelândia,PR,1440815,,
Matinhos,PR,1148205,,
Mato Rico,PR,157348,,
Mauá da Serra,PR,527212,,
Medianeira,PR,3007596,,
Mercedes,PR,311869,,
Mirador,PR,178999,,
Miraselva,PR,69394,,
Missal,PR,496708,,
Moreira Sales,PR,382098,,
Morretes,PR,534712,,
Munhoz de Melo,PR,176663,,
Nossa Senhora das Graças,PR,126913,,
Nova Aliança do Ivaí,PR,71238,,
Nova América da Colina,PR,108097,,
Nova Aurora,PR,1040813,,
Nova Cantu,PR,341725,,
Nova Esperança,PR,1253498,,
Nova Esperança do Sudoeste,PR,198770,,
Nova Fátima,PR,327433,,
Nova Laranjeiras,PR,378372,,
Nova Londrina,PR,718418,,
Nova Olímpia,PR,132741,,
Nova Santa Bárbara,PR,131609,,
Nova Santa Rosa,PR,484275,,
Nova Prata do Iguaçu,PR,560124,,
Nova Tebas,PR,237202,,
Novo Itacolomi,PR,124923,,
Ortigueira,PR,3592270,,
Ourizona,PR,186573,,
Ouro Verde do Oeste,PR,297137,,
Paiçandu,PR,1342362,,
Palmas,PR,1728162,,
Palmeira,PR,2220003,,
Palmital,PR,406781,,
Palotina,PR,3698095,,
Paraíso do Norte,PR,533427,,
Paranacity,PR,517609,,
Paranaguá,PR,15291703,,
Paranapoema,PR,88781,,
Paranavaí,PR,4189765,,
Pato Bragado,PR,269744,,
Pato Branco,PR,5817896,,
Paula Freitas,PR,488532,,
Paulo Frontin,PR,473855,,
Peabiru,PR,530693,,
Perobal,PR,354948,,
Pérola,PR,364026,,
Pérola d'Oeste,PR,270487,,
Piên,PR,853225,,
Pinhais,PR,9852601,,
Pinhalão,PR,251911,,
Pinhal de São Bento,PR,82104,,
Pinhão,PR,1851108,,
Piraí do Sul,PR,1441276,,
Piraquara,PR,1901529,,
Pitanga,PR,1448744,,
Pitangueiras,PR,160573,,
Planaltina do Paraná,PR,149540,,
Planalto,PR,526048,,
Ponta Grossa,PR,25583325,,
Pontal do Paraná,PR,809708,,
Porecatu,PR,732948,,
Porto Amazonas,PR,391662,,
Porto Barreiro,PR,169168,,
Porto Rico,PR,152980,,
Porto Vitória,PR,98341,,
Prado Ferreira,PR,207955,,
Pranchita,PR,378687,,
Presidente Castelo Branco,PR,197136,,
Primeiro de Maio,PR,462476,,
Prudentópolis,PR,1905943,,
Quarto Centenário,PR,409019,,
Quatiguá,PR,244507,,
Quatro Barras,PR,2336181,,
Quatro Pontes,PR,307122,,
Quedas do Iguaçu,PR,1927945,,
Querência do Norte,PR,342244,,
Quinta do Sol,PR,314953,,
Quitandinha,PR,594459,,
Ramilândia,PR,126585,,
Rancho Alegre,PR,197170,,
Rancho Alegre D'Oeste,PR,235642,,
Realeza,PR,958987,,
Rebouças,PR,635752,,
Renascença,PR,460072,,
Reserva,PR,764371,,
Reserva do Iguaçu,PR,257839,,
Ribeirão Claro,PR,609741,,
Ribeirão do Pinhal,PR,487933,,
Rio Azul,PR,996992,,
Rio Bom,PR,118815,,
Rio Bonito do Iguaçu,PR,514285,,
Rio Branco do Ivaí,PR,174700,,
Rio Branco do Sul,PR,1850826,,
Rio Negro,PR,1456165,,
Rolândia,PR,4602704,,
Roncador,PR,639474,,
Rondon,PR,538736,,
Rosário do Ivaí,PR,166638,,
Sabáudia,PR,741345,,
Salgado Filho,PR,144581,,
Salto do Itararé,PR,124160,,
Salto do Lontra,PR,628454,,
Santa Amélia,PR,141542,,
Santa Cecília do Pavão,PR,179166,,
Santa Cruz de Monte Castelo,PR,387175,,
Santa Fé,PR,449906,,
Santa Helena,PR,1641044,,
Santa Inês,PR,85155,,
Santa Isabel do Ivaí,PR,293692,,
Santa Izabel do Oeste,PR,514079,,
Santa Lúcia,PR,158188,,
Santa Maria do Oeste,PR,353046,,
Santa Mariana,PR,497961,,
Santa Mônica,PR,115471,,
Santana do Itararé,PR,184042,,
Santa Tereza do Oeste,PR,713315,,
Santa Terezinha de Itaipu,PR,765144,,
Santo Antônio da Platina,PR,1837884,,
Santo Antônio do Caiuá,PR,70027,,
Santo Antônio do Paraíso,PR,114799,,
Santo Antônio do Sudoeste,PR,804866,,
Santo Inácio,PR,836727,,
São Carlos do Ivaí,PR,567836,,
São Jerônimo da Serra,PR,349306,,
São João,PR,1220178,,
São João do Caiuá,PR,191656,,
São João do Ivaí,PR,410617,,
São João do Triunfo,PR,875907,,
São Jorge d'Oeste,PR,531521,,
São Jorge do Ivaí,PR,417316,,
São Jorge do Patrocínio,PR,183232,,
São José da Boa Vista,PR,232641,,
São José das Palmeiras,PR,109674,,
São José dos Pinhais,PR,33957964,,
São Manoel do Paraná,PR,83030,,
São Mateus do Sul,PR,1934142,,
São Miguel do Iguaçu,PR,1484412,,
São Pedro do Iguaçu,PR,267877,,
São Pedro do Ivaí,PR,453058,,
São Pedro do Paraná,PR,111291,,
São Sebastião da Amoreira,PR,277569,,
São Tomé,PR,221194,,
Sapopema,PR,183023,,
Sarandi,PR,2398690,,
Saudade do Iguaçu,PR,1143427,,
Sengés,PR,690924,,
Serranópolis do Iguaçu,PR,272573,,
Sertaneja,PR,465712,,
Sertanópolis,PR,863931,,
Siqueira Campos,PR,851121,,
Sulina,PR,190979,,
Tamarana,PR,474596,,
Tamboara,PR,184145,,
Tapejara,PR,731143,,
Tapira,PR,187714,,
Teixeira Soares,PR,633083,,
Telêmaco Borba,PR,6409425,,
Terra Boa,PR,709922,,
Terra Rica,PR,539546,,
Terra Roxa,PR,921400,,
Tibagi,PR,1448624,,
Tijucas do Sul,PR,554175,,
Toledo,PR,9508572,,
Tomazina,PR,350465,,
Três Barras do Paraná,PR,453550,,
Tunas do Paraná,PR,142467,,
Tuneiras do Oeste,PR,297521,,
Tupãssi,PR,520417,,
Turvo,PR,697870,,
Ubiratã,PR,2129922,,
Umuarama,PR,5096996,,
União da Vitória,PR,2223373,,
Uniflor,PR,131665,,
Uraí,PR,395053,,
Wenceslau Braz,PR,767256,,
Ventania,PR,378784,,
Vera Cruz do Oeste,PR,335607,,
Verê,PR,606828,,
Alto Paraíso,PR,147760,,
Doutor Ulysses,PR,116147,,
Virmond,PR,241579,,
Vitorino,PR,631025,,
Xambrê,PR,138498,,
Água Clara,MS,1544633,,
Alcinópolis,MS,384368,,
Amambai,MS,2426261,,
Anastácio,MS,783841,,
Anaurilândia,MS,623710,,
Angélica,MS,1243471,,
Antônio João,MS,851781,,
Aparecida do Taboado,MS,2189222,,
Aquidauana,MS,1437451,,
Aral Moreira,MS,1348752,,
Bandeirantes,MS,1001346,,
Bataguassu,MS,1841917,,
Batayporã,MS,784829,,
Bela Vista,MS,1176300,,
Bodoquena,MS,386420,,
Bonito,MS,1586577,,
Brasilândia,MS,1159417,,
Caarapó,MS,2553085,,
Camapuã,MS,872276,,
Campo Grande,MS,42269768,,
Caracol,MS,251148,,
Cassilândia,MS,1059973,,
Chapadão do Sul,MS,3329527,,
Corguinho,MS,172551,,
Coronel Sapucaia,MS,388241,,
Corumbá,MS,4187429,,
Costa Rica,MS,3341491,,
Coxim,MS,1400833,,
Deodápolis,MS,712633,,
Dois Irmãos do Buriti,MS,456777,,
Douradina,MS,259999,,
Dourados,MS,20257953,,
Eldorado,MS,704592,,
Fátima do Sul,MS,769333,,
Figueirão,MS,186835,,
Glória de Dourados,MS,449930,,
Guia Lopes da Laguna,MS,477600,,
Iguatemi,MS,962593,,
Inocência,MS,946307,,
Itaporã,MS,1525654,,
Itaquiraí,MS,1546553,,
Ivinhema,MS,2005469,,
Japorã,MS,242175,,
Jaraguari,MS,717701,,
Jardim,MS,1130237,,
Jateí,MS,729978,,
Juti,MS,517930,,
Ladário,MS,420685,,
Laguna Carapã,MS,1257650,,
Maracaju,MS,5921262,,
Miranda,MS,782435,,
Mundo Novo,MS,1018195,,
Naviraí,MS,3670207,,
Nioaque,MS,618784,,
Nova Alvorada do Sul,MS,2592615,,
Nova Andradina,MS,3568745,,
Novo Horizonte do Sul,MS,450886,,
Paraíso das Águas,MS,1389706,,
Paranaíba,MS,2012106,,
Paranhos,MS,371183,,
Pedro Gomes,MS,460934,,
Ponta Porã,MS,6069790,,
Porto Murtinho,MS,571511,,
Ribas do Rio Pardo,MS,3353286,,
Rio Brilhante,MS,3833911,,
Rio Negro,MS,170386,,
Rio Verde de Mato Grosso,MS,926597,,
Rochedo,MS,352337,,
Santa Rita do Pardo,MS,642967,,
São Gabriel do Oeste,MS,2883850,,
Sete Quedas,MS,493949,,
Selvíria,MS,2691218,,
Sidrolândia,MS,4102346,,
Sonora,MS,1489093,,
Tacuru,MS,378151,,
Taquarussu,MS,215369,,
Terenos,MS,1348544,,
Três Lagoas,MS,14761816,,
Vicentina,MS,384734,,
Noroeste Fluminense,RJ,11489280,,
Norte Fluminense,RJ,89414188,,
Centro Fluminense,RJ,22679627,,
Baixadas,RJ,128019509,,
Sul Fluminense,RJ,75049148,,
Metropolitana do Rio de Janeiro,RJ,846219691,,
São José do Rio Preto,SP,91674859,,
Ribeirão Preto,SP,156879857,,
Araçatuba,SP,38541098,,
Bauru,SP,91035301,,
Araraquara,SP,58447916,,
Piracicaba,SP,124735130,,
Campinas,SP,388180026,,
Presidente Prudente,SP,39515367,,
Marília,SP,25726267,,
Assis,SP,32986680,,
Itapetininga,SP,44019380,,
Macro Metropolitana Paulista,SP,274198342,,
Vale do Paraíba Paulista,SP,193579157,,
Litoral Sul Paulista,SP,20908089,,
Metropolitana de São Paulo,SP,1864386564,,
Noroeste Paranaense,PR,33310258,,
Centro Ocidental Paranaense,PR,19131784,,
Norte Central Paranaense,PR,118420224,,
Norte Pioneiro Paranaense,PR,23187041,,
Centro Oriental Paranaense,PR,53052324,,
Oeste Paranaense,PR,83510059,,
Sudoeste Paranaense,PR,31961541,,
Centro-Sul Paranaense,PR,27868915,,
Sudeste Paranaense,PR,19611208,,
Metropolitana de Curitiba,PR,260865808,,
Pantanais Sul Mato-grossense,MS,8640129,,
Centro Norte de Mato Grosso do Sul,MS,58739765,,
Leste de Mato Grosso do Sul,MS,45456240,,
Sudoeste de Mato Grosso do Sul,MS,71565985,,
Itaperuna,RJ,7290948,,
Santo Antônio de Pádua,RJ,4198332,,
Campos dos Goytacazes,RJ,59800051,,
Macaé,RJ,29614137,,
Três Rios,RJ,9875149,,
Cantagalo-Cordeiro,RJ,2560321,,
Nova Friburgo,RJ,9405775,,
Santa Maria Madalena,RJ,838382,,
Bacia de São João,RJ,14669049,,
Lagos,RJ,113350460,,
Vale do Paraíba Fluminense,RJ,50155350,,
Barra do Piraí,RJ,6668907,,
Baía da Ilha Grande,RJ,18224891,,
Vassouras,RJ,5033508,,
Serrana,RJ,27953526,,
Macacu-Caceribu,RJ,3740868,,
Itaguaí,RJ,18587698,,
Rio de Janeiro,RJ,790904092,,
Jales,SP,7569463,,
Fernandópolis,SP,5922764,,
Votuporanga,SP,7428818,,
São José do Rio Preto,SP,49377027,,
Catanduva,SP,11752057,,
Auriflama,SP,1545636,,
Nhandeara,SP,3127432,,
Novo Horizonte,SP,4951664,,
Barretos,SP,9511424,,
São Joaquim da Barra,SP,14910592,,
Ituverava,SP,5020209,,
Franca,SP,19755308,,
Jaboticabal,SP,22246901,,
Ribeirão Preto,SP,79345946,,
Batatais,SP,6089479,,
Andradina,SP,11930412,,
Araçatuba,SP,15622367,,
Birigui,SP,10988320,,
Lins,SP,14334208,,
Bauru,SP,35589565,,
Jaú,SP,19650433,,
Avaré,SP,9634424,,
Botucatu,SP,11826670,,
Araraquara,SP,34021189,,
São Carlos,SP,24426727,,
Rio Claro,SP,20343825,,
Limeira,SP,47272428,,
Piracicaba,SP,57118877,,
Pirassununga,SP,9936590,,
São João da Boa Vista,SP,21211051,,
Mogi Mirim,SP,29548855,,
Campinas,SP,316235802,,
Amparo,SP,11247729,,
Dracena,SP,4539507,,
Adamantina,SP,6920689,,
Presidente Prudente,SP,28055171,,
Tupã,SP,7253553,,
Marília,SP,18472714,,
Assis,SP,17381683,,
Ourinhos,SP,15604997,,
Itapeva,SP,10755030,,
Itapetininga,SP,10497166,,
Tatuí,SP,18028565,,
Capão Bonito,SP,4738618,,
Piedade,SP,7747628,,
Sorocaba,SP,124049344,,
Jundiaí,SP,104072247,,
Bragança Paulista,SP,38329124,,
Campos do Jordão,SP,2607206,,
São José dos Campos,SP,125688763,,
Guaratinguetá,SP,21175954,,
Bananal,SP,607541,,
Paraibuna/Paraitinga,SP,1938625,,
Caraguatatuba,SP,41561068,,
Registro,SP,13439755,,
Itanhaém,SP,7468334,,
Osasco,SP,264656096,,
Franco da Rocha,SP,15950359,,
Guarulhos,SP,110281862,,
Itapecerica da Serra,SP,60924729,,
São Paulo,SP,1250524791,,
Mogi das Cruzes,SP,70262409,,
Santos,SP,91786317,,
Paranavaí,PR,12684107,,
Umuarama,PR,12456211,,
Cianorte,PR,8169940,,
Goioerê,PR,6800947,,
Campo Mourão,PR,12330837,,
Astorga,PR,10197866,,
Porecatu,PR,3961034,,
Floraí,PR,1964643,,
Maringá,PR,37439518,,
Apucarana,PR,14016502,,
Londrina,PR,44046437,,
Faxinal,PR,1786790,,
Ivaiporã,PR,5007435,,
Assaí,PR,2468535,,
Cornélio Procópio,PR,7861380,,
Jacarezinho,PR,5734630,,
Ibaiti,PR,2691327,,
Wenceslau Braz,PR,4431169,,
Telêmaco Borba,PR,12913945,,
Jaguariaíva,PR,5827654,,
Ponta Grossa,PR,34310725,,
Toledo,PR,27907964,,
Cascavel,PR,29062044,,
Foz do Iguaçu,PR,26540051,,
Capanema,PR,5368237,,
Francisco Beltrão,PR,13427912,,
Pato Branco,PR,13165391,,
Pitanga,PR,2940816,,
Guarapuava,PR,19699185,,
Palmas,PR,5228915,,
Prudentópolis,PR,6210607,,
Irati,PR,5422205,,
União da Vitória,PR,4885736,,
São Mateus do Sul,PR,3092660,,
Cerro Azul,PR,957287,,
Lapa,PR,3039227,,
Curitiba,PR,232672176,,
Paranaguá,PR,20153033,,
Rio Negro,PR,4044085,,
Baixo Pantanal,MS,5179625,,
Aquidauana,MS,3460503,,
Alto Taquari,MS,8604786,,
Campo Grande,MS,50134979,,
Cassilândia,MS,9120698,,
Paranaíba,MS,7838853,,
Três Lagoas,MS,21462119,,
Nova Andradina,MS,7034571,,
Bodoquena,MS,5627067,,
Dourados,MS,50570711,,
Iguatemi,MS,15368207,,
